Label,Cost (Initial),Benefit (10 years),Size
I205,260000000,285314662,1.097364084962469
DivisionBRT,160000000,397610665,2.485066658410376
