LABEL,COST,BENEFIT,SIZE
BENEFIT1,100,100,1
BENEFIT2,200,150,0.75
BENEFIT3,150,120,0.8
BENEFIT4,90,100,1.111111111
BENEFIT5,120,110,0.916666667
BENEFIT6,80,90,1.125
BENEFIT7,75,80,1.066666667
BENEFIT8,92,85,0.923913043
BENEFIT9,100,90,0.9
BENEFIT10,101,99,0.98019802
BENEFIT11,102,100,0.980392157
BENEFIT12,105,100,0.952380952
BENEFIT13,100,156,1.56
